Driver,LapNumber,LapTime,LapTimeSeconds,Race,Season
SAI,1.0,0 days 00:01:47.224000,107.224,Mexico,2024
SAI,2.0,0 days 00:02:17.937000,137.937,Mexico,2024
SAI,3.0,0 days 00:02:13.771000,133.771,Mexico,2024
SAI,4.0,0 days 00:02:10.043000,130.043,Mexico,2024
SAI,5.0,0 days 00:02:09.925000,129.925,Mexico,2024
SAI,6.0,0 days 00:02:03.834000,123.834,Mexico,2024
SAI,7.0,0 days 00:01:21.830000,81.83,Mexico,2024
SAI,8.0,0 days 00:01:21.284000,81.284,Mexico,2024
SAI,9.0,0 days 00:01:22.493000,82.493,Mexico,2024
SAI,10.0,0 days 00:01:22.438000,82.438,Mexico,2024
SAI,11.0,0 days 00:01:21.847000,81.847,Mexico,2024
SAI,12.0,0 days 00:01:21.515000,81.515,Mexico,2024
SAI,13.0,0 days 00:01:21.715000,81.715,Mexico,2024
SAI,14.0,0 days 00:01:21.475000,81.475,Mexico,2024
SAI,15.0,0 days 00:01:21.516000,81.516,Mexico,2024
SAI,16.0,0 days 00:01:21.590000,81.59,Mexico,2024
SAI,17.0,0 days 00:01:22.012000,82.012,Mexico,2024
SAI,18.0,0 days 00:01:21.765000,81.765,Mexico,2024
SAI,19.0,0 days 00:01:21.715000,81.715,Mexico,2024
SAI,20.0,0 days 00:01:21.789000,81.789,Mexico,2024
SAI,21.0,0 days 00:01:21.413000,81.413,Mexico,2024
SAI,22.0,0 days 00:01:21.682000,81.682,Mexico,2024
SAI,23.0,0 days 00:01:21.516000,81.516,Mexico,2024
SAI,24.0,0 days 00:01:21.428000,81.428,Mexico,2024
SAI,25.0,0 days 00:01:21.659000,81.659,Mexico,2024
SAI,26.0,0 days 00:01:21.596000,81.596,Mexico,2024
SAI,27.0,0 days 00:01:21.827000,81.827,Mexico,2024
SAI,28.0,0 days 00:01:22.008000,82.008,Mexico,2024
SAI,29.0,0 days 00:01:21.869000,81.869,Mexico,2024
SAI,30.0,0 days 00:01:21.837000,81.837,Mexico,2024
SAI,31.0,0 days 00:01:22.057000,82.057,Mexico,2024
SAI,32.0,0 days 00:01:25.108000,85.108,Mexico,2024
SAI,33.0,0 days 00:01:39.813000,99.813,Mexico,2024
SAI,34.0,0 days 00:01:21.037000,81.037,Mexico,2024
SAI,35.0,0 days 00:01:21.190000,81.19,Mexico,2024
SAI,36.0,0 days 00:01:21.079000,81.079,Mexico,2024
SAI,37.0,0 days 00:01:21.153000,81.153,Mexico,2024
SAI,38.0,0 days 00:01:20.616000,80.616,Mexico,2024
SAI,39.0,0 days 00:01:20.995000,80.995,Mexico,2024
SAI,40.0,0 days 00:01:20.688000,80.688,Mexico,2024
SAI,41.0,0 days 00:01:20.980000,80.98,Mexico,2024
SAI,42.0,0 days 00:01:20.939000,80.939,Mexico,2024
SAI,43.0,0 days 00:01:20.840000,80.84,Mexico,2024
SAI,44.0,0 days 00:01:20.806000,80.806,Mexico,2024
SAI,45.0,0 days 00:01:20.582000,80.582,Mexico,2024
SAI,46.0,0 days 00:01:20.592000,80.592,Mexico,2024
SAI,47.0,0 days 00:01:20.375000,80.375,Mexico,2024
SAI,48.0,0 days 00:01:20.747000,80.747,Mexico,2024
SAI,49.0,0 days 00:01:20.815000,80.815,Mexico,2024
SAI,50.0,0 days 00:01:20.733000,80.733,Mexico,2024
SAI,51.0,0 days 00:01:20.825000,80.825,Mexico,2024
SAI,52.0,0 days 00:01:20.965000,80.965,Mexico,2024
SAI,53.0,0 days 00:01:20.719000,80.719,Mexico,2024
SAI,54.0,0 days 00:01:20.650000,80.65,Mexico,2024
SAI,55.0,0 days 00:01:20.306000,80.306,Mexico,2024
SAI,56.0,0 days 00:01:20.256000,80.256,Mexico,2024
SAI,57.0,0 days 00:01:20.315000,80.315,Mexico,2024
SAI,58.0,0 days 00:01:20.341000,80.341,Mexico,2024
SAI,59.0,0 days 00:01:20.730000,80.73,Mexico,2024
SAI,60.0,0 days 00:01:20.326000,80.326,Mexico,2024
SAI,61.0,0 days 00:01:20.215000,80.215,Mexico,2024
SAI,62.0,0 days 00:01:20.137000,80.137,Mexico,2024
SAI,63.0,0 days 00:01:20.556000,80.556,Mexico,2024
SAI,64.0,0 days 00:01:20.493000,80.493,Mexico,2024
SAI,65.0,0 days 00:01:20.523000,80.523,Mexico,2024
SAI,66.0,0 days 00:01:20.301000,80.301,Mexico,2024
SAI,67.0,0 days 00:01:20.651000,80.651,Mexico,2024
SAI,68.0,0 days 00:01:20.375000,80.375,Mexico,2024
SAI,69.0,0 days 00:01:20.398000,80.398,Mexico,2024
SAI,70.0,0 days 00:01:20.435000,80.435,Mexico,2024
SAI,71.0,0 days 00:01:20.585000,80.585,Mexico,2024
NOR,1.0,0 days 00:01:49.304000,109.304,Mexico,2024
NOR,2.0,0 days 00:02:18.718000,138.718,Mexico,2024
NOR,3.0,0 days 00:02:13.243000,133.243,Mexico,2024
NOR,4.0,0 days 00:02:11.100000,131.1,Mexico,2024
NOR,5.0,0 days 00:02:09.824000,129.824,Mexico,2024
NOR,6.0,0 days 00:02:01.270000,121.27,Mexico,2024
NOR,7.0,0 days 00:01:21.885000,81.885,Mexico,2024
NOR,8.0,0 days 00:01:21.724000,81.724,Mexico,2024
NOR,9.0,0 days 00:01:22.413000,82.413,Mexico,2024
NOR,10.0,0 days 00:01:24.863000,84.863,Mexico,2024
NOR,11.0,0 days 00:01:22.047000,82.047,Mexico,2024
NOR,12.0,0 days 00:01:21.803000,81.803,Mexico,2024
NOR,13.0,0 days 00:01:21.935000,81.935,Mexico,2024
NOR,14.0,0 days 00:01:21.988000,81.988,Mexico,2024
NOR,15.0,0 days 00:01:22.146000,82.146,Mexico,2024
NOR,16.0,0 days 00:01:21.981000,81.981,Mexico,2024
NOR,17.0,0 days 00:01:22.332000,82.332,Mexico,2024
NOR,18.0,0 days 00:01:22.271000,82.271,Mexico,2024
NOR,19.0,0 days 00:01:22.393000,82.393,Mexico,2024
NOR,20.0,0 days 00:01:22.352000,82.352,Mexico,2024
NOR,21.0,0 days 00:01:22.137000,82.137,Mexico,2024
NOR,22.0,0 days 00:01:22.311000,82.311,Mexico,2024
NOR,23.0,0 days 00:01:22.290000,82.29,Mexico,2024
NOR,24.0,0 days 00:01:22.062000,82.062,Mexico,2024
NOR,25.0,0 days 00:01:22.535000,82.535,Mexico,2024
NOR,26.0,0 days 00:01:22.630000,82.63,Mexico,2024
NOR,27.0,0 days 00:01:22.185000,82.185,Mexico,2024
NOR,28.0,0 days 00:01:22.676000,82.676,Mexico,2024
NOR,29.0,0 days 00:01:22.735000,82.735,Mexico,2024
NOR,30.0,0 days 00:01:26.051000,86.051,Mexico,2024
NOR,31.0,0 days 00:01:39.899000,99.899,Mexico,2024
NOR,32.0,0 days 00:01:21.052000,81.052,Mexico,2024
NOR,33.0,0 days 00:01:20.859000,80.859,Mexico,2024
NOR,34.0,0 days 00:01:20.881000,80.881,Mexico,2024
NOR,35.0,0 days 00:01:20.697000,80.697,Mexico,2024
NOR,36.0,0 days 00:01:20.703000,80.703,Mexico,2024
NOR,37.0,0 days 00:01:21.008000,81.008,Mexico,2024
NOR,38.0,0 days 00:01:20.868000,80.868,Mexico,2024
NOR,39.0,0 days 00:01:20.710000,80.71,Mexico,2024
NOR,40.0,0 days 00:01:20.845000,80.845,Mexico,2024
NOR,41.0,0 days 00:01:20.768000,80.768,Mexico,2024
NOR,42.0,0 days 00:01:20.451000,80.451,Mexico,2024
NOR,43.0,0 days 00:01:20.687000,80.687,Mexico,2024
NOR,44.0,0 days 00:01:20.385000,80.385,Mexico,2024
NOR,45.0,0 days 00:01:20.370000,80.37,Mexico,2024
NOR,46.0,0 days 00:01:20.221000,80.221,Mexico,2024
NOR,47.0,0 days 00:01:20.561000,80.561,Mexico,2024
NOR,48.0,0 days 00:01:20.443000,80.443,Mexico,2024
NOR,49.0,0 days 00:01:20.638000,80.638,Mexico,2024
NOR,50.0,0 days 00:01:20.545000,80.545,Mexico,2024
NOR,51.0,0 days 00:01:20.405000,80.405,Mexico,2024
NOR,52.0,0 days 00:01:20.474000,80.474,Mexico,2024
NOR,53.0,0 days 00:01:20.471000,80.471,Mexico,2024
NOR,54.0,0 days 00:01:20.667000,80.667,Mexico,2024
NOR,55.0,0 days 00:01:20.398000,80.398,Mexico,2024
NOR,56.0,0 days 00:01:20.509000,80.509,Mexico,2024
NOR,57.0,0 days 00:01:20.271000,80.271,Mexico,2024
NOR,58.0,0 days 00:01:20.405000,80.405,Mexico,2024
NOR,59.0,0 days 00:01:20.163000,80.163,Mexico,2024
NOR,60.0,0 days 00:01:20.272000,80.272,Mexico,2024
NOR,61.0,0 days 00:01:20.045000,80.045,Mexico,2024
NOR,62.0,0 days 00:01:20.141000,80.141,Mexico,2024
NOR,63.0,0 days 00:01:19.858000,79.858,Mexico,2024
NOR,64.0,0 days 00:01:20.494000,80.494,Mexico,2024
NOR,65.0,0 days 00:01:20.194000,80.194,Mexico,2024
NOR,66.0,0 days 00:01:20.274000,80.274,Mexico,2024
NOR,67.0,0 days 00:01:19.972000,79.972,Mexico,2024
NOR,68.0,0 days 00:01:19.691000,79.691,Mexico,2024
NOR,69.0,0 days 00:01:19.922000,79.922,Mexico,2024
NOR,70.0,0 days 00:01:19.721000,79.721,Mexico,2024
NOR,71.0,0 days 00:01:20.363000,80.363,Mexico,2024
LEC,1.0,0 days 00:01:50.826000,110.826,Mexico,2024
LEC,2.0,0 days 00:02:18.252000,138.252,Mexico,2024
LEC,3.0,0 days 00:02:14.940000,134.94,Mexico,2024
LEC,4.0,0 days 00:02:10.481000,130.481,Mexico,2024
LEC,5.0,0 days 00:02:10.248000,130.248,Mexico,2024
LEC,6.0,0 days 00:01:59.324000,119.324,Mexico,2024
LEC,7.0,0 days 00:01:22.154000,82.154,Mexico,2024
LEC,8.0,0 days 00:01:21.865000,81.865,Mexico,2024
LEC,9.0,0 days 00:01:22.101000,82.101,Mexico,2024
LEC,10.0,0 days 00:01:22.481000,82.481,Mexico,2024
LEC,11.0,0 days 00:01:21.423000,81.423,Mexico,2024
LEC,12.0,0 days 00:01:21.262000,81.262,Mexico,2024
LEC,13.0,0 days 00:01:21.776000,81.776,Mexico,2024
LEC,14.0,0 days 00:01:21.310000,81.31,Mexico,2024
LEC,15.0,0 days 00:01:22.212000,82.212,Mexico,2024
LEC,16.0,0 days 00:01:21.621000,81.621,Mexico,2024
LEC,17.0,0 days 00:01:21.860000,81.86,Mexico,2024
LEC,18.0,0 days 00:01:22.141000,82.141,Mexico,2024
LEC,19.0,0 days 00:01:22.216000,82.216,Mexico,2024
LEC,20.0,0 days 00:01:21.793000,81.793,Mexico,2024
LEC,21.0,0 days 00:01:21.954000,81.954,Mexico,2024
LEC,22.0,0 days 00:01:22.249000,82.249,Mexico,2024
LEC,23.0,0 days 00:01:21.938000,81.938,Mexico,2024
LEC,24.0,0 days 00:01:21.904000,81.904,Mexico,2024
LEC,25.0,0 days 00:01:22.076000,82.076,Mexico,2024
LEC,26.0,0 days 00:01:22.359000,82.359,Mexico,2024
LEC,27.0,0 days 00:01:22.743000,82.743,Mexico,2024
LEC,28.0,0 days 00:01:22.589000,82.589,Mexico,2024
LEC,29.0,0 days 00:01:22.330000,82.33,Mexico,2024
LEC,30.0,0 days 00:01:22.322000,82.322,Mexico,2024
LEC,31.0,0 days 00:01:25.993000,85.993,Mexico,2024
LEC,32.0,0 days 00:01:40.618000,100.618,Mexico,2024
LEC,33.0,0 days 00:01:20.975000,80.975,Mexico,2024
LEC,34.0,0 days 00:01:20.847000,80.847,Mexico,2024
LEC,35.0,0 days 00:01:20.675000,80.675,Mexico,2024
LEC,36.0,0 days 00:01:20.849000,80.849,Mexico,2024
LEC,37.0,0 days 00:01:20.831000,80.831,Mexico,2024
LEC,38.0,0 days 00:01:20.577000,80.577,Mexico,2024
LEC,39.0,0 days 00:01:20.843000,80.843,Mexico,2024
LEC,40.0,0 days 00:01:20.722000,80.722,Mexico,2024
LEC,41.0,0 days 00:01:20.755000,80.755,Mexico,2024
LEC,42.0,0 days 00:01:20.580000,80.58,Mexico,2024
LEC,43.0,0 days 00:01:20.577000,80.577,Mexico,2024
LEC,44.0,0 days 00:01:20.623000,80.623,Mexico,2024
LEC,45.0,0 days 00:01:20.581000,80.581,Mexico,2024
LEC,46.0,0 days 00:01:20.542000,80.542,Mexico,2024
LEC,47.0,0 days 00:01:20.569000,80.569,Mexico,2024
LEC,48.0,0 days 00:01:20.681000,80.681,Mexico,2024
LEC,49.0,0 days 00:01:20.847000,80.847,Mexico,2024
LEC,50.0,0 days 00:01:20.627000,80.627,Mexico,2024
LEC,51.0,0 days 00:01:20.321000,80.321,Mexico,2024
LEC,52.0,0 days 00:01:20.369000,80.369,Mexico,2024
LEC,53.0,0 days 00:01:20.682000,80.682,Mexico,2024
LEC,54.0,0 days 00:01:20.727000,80.727,Mexico,2024
LEC,55.0,0 days 00:01:20.860000,80.86,Mexico,2024
LEC,56.0,0 days 00:01:21.060000,81.06,Mexico,2024
LEC,57.0,0 days 00:01:20.524000,80.524,Mexico,2024
LEC,58.0,0 days 00:01:21.297000,81.297,Mexico,2024
LEC,59.0,0 days 00:01:20.422000,80.422,Mexico,2024
LEC,60.0,0 days 00:01:20.460000,80.46,Mexico,2024
LEC,61.0,0 days 00:01:20.156000,80.156,Mexico,2024
LEC,62.0,0 days 00:01:20.966000,80.966,Mexico,2024
LEC,63.0,0 days 00:01:22.888000,82.888,Mexico,2024
LEC,64.0,0 days 00:01:20.969000,80.969,Mexico,2024
LEC,65.0,0 days 00:01:20.815000,80.815,Mexico,2024
LEC,66.0,0 days 00:01:21.150000,81.15,Mexico,2024
LEC,67.0,0 days 00:01:21.173000,81.173,Mexico,2024
LEC,68.0,0 days 00:01:21.009000,81.009,Mexico,2024
LEC,69.0,0 days 00:01:24.799000,84.799,Mexico,2024
LEC,70.0,0 days 00:01:39.142000,99.142,Mexico,2024
LEC,71.0,0 days 00:01:18.336000,78.336,Mexico,2024
HAM,1.0,0 days 00:01:52.235000,112.235,Mexico,2024
HAM,2.0,0 days 00:02:18.527000,138.527,Mexico,2024
HAM,3.0,0 days 00:02:14.124000,134.124,Mexico,2024
HAM,4.0,0 days 00:02:10.636000,130.636,Mexico,2024
HAM,5.0,0 days 00:02:10.151000,130.151,Mexico,2024
HAM,6.0,0 days 00:01:59.007000,119.007,Mexico,2024
HAM,7.0,0 days 00:01:22.609000,82.609,Mexico,2024
HAM,8.0,0 days 00:01:21.998000,81.998,Mexico,2024
HAM,9.0,0 days 00:01:22.089000,82.089,Mexico,2024
HAM,10.0,0 days 00:01:23.444000,83.444,Mexico,2024
HAM,11.0,0 days 00:01:22.469000,82.469,Mexico,2024
HAM,12.0,0 days 00:01:22.145000,82.145,Mexico,2024
HAM,13.0,0 days 00:01:22.401000,82.401,Mexico,2024
HAM,14.0,0 days 00:01:23.557000,83.557,Mexico,2024
HAM,15.0,0 days 00:01:24.039000,84.039,Mexico,2024
HAM,16.0,0 days 00:01:22.650000,82.65,Mexico,2024
HAM,17.0,0 days 00:01:23.006000,83.006,Mexico,2024
HAM,18.0,0 days 00:01:22.838000,82.838,Mexico,2024
HAM,19.0,0 days 00:01:23.050000,83.05,Mexico,2024
HAM,20.0,0 days 00:01:22.911000,82.911,Mexico,2024
HAM,21.0,0 days 00:01:22.709000,82.709,Mexico,2024
HAM,22.0,0 days 00:01:22.782000,82.782,Mexico,2024
HAM,23.0,0 days 00:01:22.540000,82.54,Mexico,2024
HAM,24.0,0 days 00:01:22.723000,82.723,Mexico,2024
HAM,25.0,0 days 00:01:22.886000,82.886,Mexico,2024
HAM,26.0,0 days 00:01:23.293000,83.293,Mexico,2024
HAM,27.0,0 days 00:01:23.203000,83.203,Mexico,2024
HAM,28.0,0 days 00:01:27.112000,87.112,Mexico,2024
HAM,29.0,0 days 00:01:41.644000,101.644,Mexico,2024
HAM,30.0,0 days 00:01:21.873000,81.873,Mexico,2024
HAM,31.0,0 days 00:01:20.371000,80.371,Mexico,2024
HAM,32.0,0 days 00:01:21.536000,81.536,Mexico,2024
HAM,33.0,0 days 00:01:22.347000,82.347,Mexico,2024
HAM,34.0,0 days 00:01:23.332000,83.332,Mexico,2024
HAM,35.0,0 days 00:01:21.244000,81.244,Mexico,2024
HAM,36.0,0 days 00:01:21.364000,81.364,Mexico,2024
HAM,37.0,0 days 00:01:21.635000,81.635,Mexico,2024
HAM,38.0,0 days 00:01:21.308000,81.308,Mexico,2024
HAM,39.0,0 days 00:01:21.050000,81.05,Mexico,2024
HAM,40.0,0 days 00:01:21.169000,81.169,Mexico,2024
HAM,41.0,0 days 00:01:21.200000,81.2,Mexico,2024
HAM,42.0,0 days 00:01:21.285000,81.285,Mexico,2024
HAM,43.0,0 days 00:01:21.125000,81.125,Mexico,2024
HAM,44.0,0 days 00:01:20.889000,80.889,Mexico,2024
HAM,45.0,0 days 00:01:20.981000,80.981,Mexico,2024
HAM,46.0,0 days 00:01:20.561000,80.561,Mexico,2024
HAM,47.0,0 days 00:01:20.465000,80.465,Mexico,2024
HAM,48.0,0 days 00:01:20.897000,80.897,Mexico,2024
HAM,49.0,0 days 00:01:20.748000,80.748,Mexico,2024
HAM,50.0,0 days 00:01:20.918000,80.918,Mexico,2024
HAM,51.0,0 days 00:01:21.138000,81.138,Mexico,2024
HAM,52.0,0 days 00:01:20.900000,80.9,Mexico,2024
HAM,53.0,0 days 00:01:20.984000,80.984,Mexico,2024
HAM,54.0,0 days 00:01:21.128000,81.128,Mexico,2024
HAM,55.0,0 days 00:01:21.474000,81.474,Mexico,2024
HAM,56.0,0 days 00:01:20.935000,80.935,Mexico,2024
HAM,57.0,0 days 00:01:20.810000,80.81,Mexico,2024
HAM,58.0,0 days 00:01:21.281000,81.281,Mexico,2024
HAM,59.0,0 days 00:01:21.436000,81.436,Mexico,2024
HAM,60.0,0 days 00:01:21.724000,81.724,Mexico,2024
HAM,61.0,0 days 00:01:21.068000,81.068,Mexico,2024
HAM,62.0,0 days 00:01:20.738000,80.738,Mexico,2024
HAM,63.0,0 days 00:01:20.482000,80.482,Mexico,2024
HAM,64.0,0 days 00:01:21.013000,81.013,Mexico,2024
HAM,65.0,0 days 00:01:21.935000,81.935,Mexico,2024
HAM,66.0,0 days 00:01:20.546000,80.546,Mexico,2024
HAM,67.0,0 days 00:01:20.649000,80.649,Mexico,2024
HAM,68.0,0 days 00:01:20.645000,80.645,Mexico,2024
HAM,69.0,0 days 00:01:20.389000,80.389,Mexico,2024
HAM,70.0,0 days 00:01:21.287000,81.287,Mexico,2024
HAM,71.0,0 days 00:01:20.942000,80.942,Mexico,2024
RUS,1.0,0 days 00:01:54.932000,114.932,Mexico,2024
RUS,2.0,0 days 00:02:18.197000,138.197,Mexico,2024
RUS,3.0,0 days 00:02:14.573000,134.573,Mexico,2024
RUS,4.0,0 days 00:02:09.897000,129.897,Mexico,2024
RUS,5.0,0 days 00:02:10.591000,130.591,Mexico,2024
RUS,6.0,0 days 00:01:57.001000,117.001,Mexico,2024
RUS,7.0,0 days 00:01:22.863000,82.863,Mexico,2024
RUS,8.0,0 days 00:01:22.040000,82.04,Mexico,2024
RUS,9.0,0 days 00:01:22.182000,82.182,Mexico,2024
RUS,10.0,0 days 00:01:23.063000,83.063,Mexico,2024
RUS,11.0,0 days 00:01:22.860000,82.86,Mexico,2024
RUS,12.0,0 days 00:01:22.108000,82.108,Mexico,2024
RUS,13.0,0 days 00:01:22.191000,82.191,Mexico,2024
RUS,14.0,0 days 00:01:23.414000,83.414,Mexico,2024
RUS,15.0,0 days 00:01:22.408000,82.408,Mexico,2024
RUS,16.0,0 days 00:01:22.671000,82.671,Mexico,2024
RUS,17.0,0 days 00:01:22.566000,82.566,Mexico,2024
RUS,18.0,0 days 00:01:22.637000,82.637,Mexico,2024
RUS,19.0,0 days 00:01:22.853000,82.853,Mexico,2024
RUS,20.0,0 days 00:01:22.749000,82.749,Mexico,2024
RUS,21.0,0 days 00:01:22.533000,82.533,Mexico,2024
RUS,22.0,0 days 00:01:22.702000,82.702,Mexico,2024
RUS,23.0,0 days 00:01:22.360000,82.36,Mexico,2024
RUS,24.0,0 days 00:01:22.191000,82.191,Mexico,2024
RUS,25.0,0 days 00:01:22.362000,82.362,Mexico,2024
RUS,26.0,0 days 00:01:22.457000,82.457,Mexico,2024
RUS,27.0,0 days 00:01:22.620000,82.62,Mexico,2024
RUS,28.0,0 days 00:01:22.598000,82.598,Mexico,2024
RUS,29.0,0 days 00:01:22.549000,82.549,Mexico,2024
RUS,30.0,0 days 00:01:22.698000,82.698,Mexico,2024
RUS,31.0,0 days 00:01:25.753000,85.753,Mexico,2024
RUS,32.0,0 days 00:01:42.382000,102.382,Mexico,2024
RUS,33.0,0 days 00:01:21.708000,81.708,Mexico,2024
RUS,34.0,0 days 00:01:21.794000,81.794,Mexico,2024
RUS,35.0,0 days 00:01:21.609000,81.609,Mexico,2024
RUS,36.0,0 days 00:01:21.406000,81.406,Mexico,2024
RUS,37.0,0 days 00:01:21.603000,81.603,Mexico,2024
RUS,38.0,0 days 00:01:21.532000,81.532,Mexico,2024
RUS,39.0,0 days 00:01:21.504000,81.504,Mexico,2024
RUS,40.0,0 days 00:01:21.299000,81.299,Mexico,2024
RUS,41.0,0 days 00:01:20.974000,80.974,Mexico,2024
RUS,42.0,0 days 00:01:21.024000,81.024,Mexico,2024
RUS,43.0,0 days 00:01:21.202000,81.202,Mexico,2024
RUS,44.0,0 days 00:01:21.018000,81.018,Mexico,2024
RUS,45.0,0 days 00:01:21.210000,81.21,Mexico,2024
RUS,46.0,0 days 00:01:20.826000,80.826,Mexico,2024
RUS,47.0,0 days 00:01:21.401000,81.401,Mexico,2024
RUS,48.0,0 days 00:01:21.144000,81.144,Mexico,2024
RUS,49.0,0 days 00:01:20.915000,80.915,Mexico,2024
RUS,50.0,0 days 00:01:21.086000,81.086,Mexico,2024
RUS,51.0,0 days 00:01:21.096000,81.096,Mexico,2024
RUS,52.0,0 days 00:01:20.790000,80.79,Mexico,2024
RUS,53.0,0 days 00:01:21.167000,81.167,Mexico,2024
RUS,54.0,0 days 00:01:21.102000,81.102,Mexico,2024
RUS,55.0,0 days 00:01:21.435000,81.435,Mexico,2024
RUS,56.0,0 days 00:01:20.888000,80.888,Mexico,2024
RUS,57.0,0 days 00:01:20.903000,80.903,Mexico,2024
RUS,58.0,0 days 00:01:21.373000,81.373,Mexico,2024
RUS,59.0,0 days 00:01:21.404000,81.404,Mexico,2024
RUS,60.0,0 days 00:01:21.559000,81.559,Mexico,2024
RUS,61.0,0 days 00:01:20.892000,80.892,Mexico,2024
RUS,62.0,0 days 00:01:20.791000,80.791,Mexico,2024
RUS,63.0,0 days 00:01:20.731000,80.731,Mexico,2024
RUS,64.0,0 days 00:01:21.129000,81.129,Mexico,2024
RUS,65.0,0 days 00:01:22.037000,82.037,Mexico,2024
RUS,66.0,0 days 00:01:22.188000,82.188,Mexico,2024
RUS,67.0,0 days 00:01:21.690000,81.69,Mexico,2024
RUS,68.0,0 days 00:01:21.036000,81.036,Mexico,2024
RUS,69.0,0 days 00:01:21.244000,81.244,Mexico,2024
RUS,70.0,0 days 00:01:21.266000,81.266,Mexico,2024
RUS,71.0,0 days 00:01:21.359000,81.359,Mexico,2024
VER,1.0,0 days 00:01:45.059000,105.059,Mexico,2024
VER,2.0,0 days 00:02:18.259000,138.259,Mexico,2024
VER,3.0,0 days 00:02:14.297000,134.297,Mexico,2024
VER,4.0,0 days 00:02:09.792000,129.792,Mexico,2024
VER,5.0,0 days 00:02:10.292000,130.292,Mexico,2024
VER,6.0,0 days 00:02:04.357000,124.357,Mexico,2024
VER,7.0,0 days 00:01:21.442000,81.442,Mexico,2024
VER,8.0,0 days 00:01:21.475000,81.475,Mexico,2024
VER,9.0,0 days 00:01:24.027000,84.027,Mexico,2024
VER,10.0,0 days 00:01:24.675000,84.675,Mexico,2024
VER,11.0,0 days 00:01:21.710000,81.71,Mexico,2024
VER,12.0,0 days 00:01:21.712000,81.712,Mexico,2024
VER,13.0,0 days 00:01:21.884000,81.884,Mexico,2024
VER,14.0,0 days 00:01:21.758000,81.758,Mexico,2024
VER,15.0,0 days 00:01:22.051000,82.051,Mexico,2024
VER,16.0,0 days 00:01:22.080000,82.08,Mexico,2024
VER,17.0,0 days 00:01:22.017000,82.017,Mexico,2024
VER,18.0,0 days 00:01:22.340000,82.34,Mexico,2024
VER,19.0,0 days 00:01:22.362000,82.362,Mexico,2024
VER,20.0,0 days 00:01:22.357000,82.357,Mexico,2024
VER,21.0,0 days 00:01:22.325000,82.325,Mexico,2024
VER,22.0,0 days 00:01:22.574000,82.574,Mexico,2024
VER,23.0,0 days 00:01:22.229000,82.229,Mexico,2024
VER,24.0,0 days 00:01:22.455000,82.455,Mexico,2024
VER,25.0,0 days 00:01:22.621000,82.621,Mexico,2024
VER,26.0,0 days 00:01:25.562000,85.562,Mexico,2024
VER,27.0,0 days 00:02:01.898000,121.898,Mexico,2024
VER,28.0,0 days 00:01:22.325000,82.325,Mexico,2024
VER,29.0,0 days 00:01:22.280000,82.28,Mexico,2024
VER,30.0,0 days 00:01:21.252000,81.252,Mexico,2024
VER,31.0,0 days 00:01:22.267000,82.267,Mexico,2024
VER,32.0,0 days 00:01:21.156000,81.156,Mexico,2024
VER,33.0,0 days 00:01:21.804000,81.804,Mexico,2024
VER,34.0,0 days 00:01:22.154000,82.154,Mexico,2024
VER,35.0,0 days 00:01:22.720000,82.72,Mexico,2024
VER,36.0,0 days 00:01:21.803000,81.803,Mexico,2024
VER,37.0,0 days 00:01:22.440000,82.44,Mexico,2024
VER,38.0,0 days 00:01:21.111000,81.111,Mexico,2024
VER,39.0,0 days 00:01:21.580000,81.58,Mexico,2024
VER,40.0,0 days 00:01:21.448000,81.448,Mexico,2024
VER,41.0,0 days 00:01:21.712000,81.712,Mexico,2024
VER,42.0,0 days 00:01:21.596000,81.596,Mexico,2024
VER,43.0,0 days 00:01:21.520000,81.52,Mexico,2024
VER,44.0,0 days 00:01:21.161000,81.161,Mexico,2024
VER,45.0,0 days 00:01:21.266000,81.266,Mexico,2024
VER,46.0,0 days 00:01:21.284000,81.284,Mexico,2024
VER,47.0,0 days 00:01:21.157000,81.157,Mexico,2024
VER,48.0,0 days 00:01:21.116000,81.116,Mexico,2024
VER,49.0,0 days 00:01:21.052000,81.052,Mexico,2024
VER,50.0,0 days 00:01:21.023000,81.023,Mexico,2024
VER,51.0,0 days 00:01:21.160000,81.16,Mexico,2024
VER,52.0,0 days 00:01:21.119000,81.119,Mexico,2024
VER,53.0,0 days 00:01:20.872000,80.872,Mexico,2024
VER,54.0,0 days 00:01:21.218000,81.218,Mexico,2024
VER,55.0,0 days 00:01:20.995000,80.995,Mexico,2024
VER,56.0,0 days 00:01:21.013000,81.013,Mexico,2024
VER,57.0,0 days 00:01:20.902000,80.902,Mexico,2024
VER,58.0,0 days 00:01:20.995000,80.995,Mexico,2024
VER,59.0,0 days 00:01:21.091000,81.091,Mexico,2024
VER,60.0,0 days 00:01:21.052000,81.052,Mexico,2024
VER,61.0,0 days 00:01:21.332000,81.332,Mexico,2024
VER,62.0,0 days 00:01:20.950000,80.95,Mexico,2024
VER,63.0,0 days 00:01:21.292000,81.292,Mexico,2024
VER,64.0,0 days 00:01:21.160000,81.16,Mexico,2024
VER,65.0,0 days 00:01:21.247000,81.247,Mexico,2024
VER,66.0,0 days 00:01:21.257000,81.257,Mexico,2024
VER,67.0,0 days 00:01:21.197000,81.197,Mexico,2024
VER,68.0,0 days 00:01:21.311000,81.311,Mexico,2024
VER,69.0,0 days 00:01:21.535000,81.535,Mexico,2024
VER,70.0,0 days 00:01:21.253000,81.253,Mexico,2024
VER,71.0,0 days 00:01:21.570000,81.57,Mexico,2024
MAG,1.0,0 days 00:01:56.783000,116.783,Mexico,2024
MAG,2.0,0 days 00:02:17.679000,137.679,Mexico,2024
MAG,3.0,0 days 00:02:14.764000,134.764,Mexico,2024
MAG,4.0,0 days 00:02:10.314000,130.314,Mexico,2024
MAG,5.0,0 days 00:02:10.254000,130.254,Mexico,2024
MAG,6.0,0 days 00:01:55.871000,115.871,Mexico,2024
MAG,7.0,0 days 00:01:23.031000,83.031,Mexico,2024
MAG,8.0,0 days 00:01:22.259000,82.259,Mexico,2024
MAG,9.0,0 days 00:01:22.232000,82.232,Mexico,2024
MAG,10.0,0 days 00:01:22.768000,82.768,Mexico,2024
MAG,11.0,0 days 00:01:23.040000,83.04,Mexico,2024
MAG,12.0,0 days 00:01:22.436000,82.436,Mexico,2024
MAG,13.0,0 days 00:01:22.523000,82.523,Mexico,2024
MAG,14.0,0 days 00:01:23.002000,83.002,Mexico,2024
MAG,15.0,0 days 00:01:23.119000,83.119,Mexico,2024
MAG,16.0,0 days 00:01:22.928000,82.928,Mexico,2024
MAG,17.0,0 days 00:01:22.962000,82.962,Mexico,2024
MAG,18.0,0 days 00:01:23.247000,83.247,Mexico,2024
MAG,19.0,0 days 00:01:23.272000,83.272,Mexico,2024
MAG,20.0,0 days 00:01:23.323000,83.323,Mexico,2024
MAG,21.0,0 days 00:01:23.180000,83.18,Mexico,2024
MAG,22.0,0 days 00:01:23.219000,83.219,Mexico,2024
MAG,23.0,0 days 00:01:23.068000,83.068,Mexico,2024
MAG,24.0,0 days 00:01:23.315000,83.315,Mexico,2024
MAG,25.0,0 days 00:01:23.450000,83.45,Mexico,2024
MAG,26.0,0 days 00:01:23.901000,83.901,Mexico,2024
MAG,27.0,0 days 00:01:23.847000,83.847,Mexico,2024
MAG,28.0,0 days 00:01:24.049000,84.049,Mexico,2024
MAG,29.0,0 days 00:01:23.805000,83.805,Mexico,2024
MAG,30.0,0 days 00:01:27.122000,87.122,Mexico,2024
MAG,31.0,0 days 00:01:42.205000,102.205,Mexico,2024
MAG,32.0,0 days 00:01:21.832000,81.832,Mexico,2024
MAG,33.0,0 days 00:01:21.947000,81.947,Mexico,2024
MAG,34.0,0 days 00:01:21.946000,81.946,Mexico,2024
MAG,35.0,0 days 00:01:22.252000,82.252,Mexico,2024
MAG,36.0,0 days 00:01:21.357000,81.357,Mexico,2024
MAG,37.0,0 days 00:01:21.795000,81.795,Mexico,2024
MAG,38.0,0 days 00:01:22.090000,82.09,Mexico,2024
MAG,39.0,0 days 00:01:22.812000,82.812,Mexico,2024
MAG,40.0,0 days 00:01:21.414000,81.414,Mexico,2024
MAG,41.0,0 days 00:01:21.683000,81.683,Mexico,2024
MAG,42.0,0 days 00:01:21.779000,81.779,Mexico,2024
MAG,43.0,0 days 00:01:21.621000,81.621,Mexico,2024
MAG,44.0,0 days 00:01:21.551000,81.551,Mexico,2024
MAG,45.0,0 days 00:01:21.620000,81.62,Mexico,2024
MAG,46.0,0 days 00:01:21.410000,81.41,Mexico,2024
MAG,47.0,0 days 00:01:21.437000,81.437,Mexico,2024
MAG,48.0,0 days 00:01:21.127000,81.127,Mexico,2024
MAG,49.0,0 days 00:01:21.466000,81.466,Mexico,2024
MAG,50.0,0 days 00:01:21.066000,81.066,Mexico,2024
MAG,51.0,0 days 00:01:21.033000,81.033,Mexico,2024
MAG,52.0,0 days 00:01:21.086000,81.086,Mexico,2024
MAG,53.0,0 days 00:01:21,81.0,Mexico,2024
MAG,54.0,0 days 00:01:20.885000,80.885,Mexico,2024
MAG,55.0,0 days 00:01:21.144000,81.144,Mexico,2024
MAG,56.0,0 days 00:01:20.892000,80.892,Mexico,2024
MAG,57.0,0 days 00:01:20.774000,80.774,Mexico,2024
MAG,58.0,0 days 00:01:20.691000,80.691,Mexico,2024
MAG,59.0,0 days 00:01:20.821000,80.821,Mexico,2024
MAG,60.0,0 days 00:01:20.729000,80.729,Mexico,2024
MAG,61.0,0 days 00:01:20.637000,80.637,Mexico,2024
MAG,62.0,0 days 00:01:20.835000,80.835,Mexico,2024
MAG,63.0,0 days 00:01:20.785000,80.785,Mexico,2024
MAG,64.0,0 days 00:01:20.864000,80.864,Mexico,2024
MAG,65.0,0 days 00:01:20.787000,80.787,Mexico,2024
MAG,66.0,0 days 00:01:21.019000,81.019,Mexico,2024
MAG,67.0,0 days 00:01:21.169000,81.169,Mexico,2024
MAG,68.0,0 days 00:01:21.039000,81.039,Mexico,2024
MAG,69.0,0 days 00:01:21.169000,81.169,Mexico,2024
MAG,70.0,0 days 00:01:21.005000,81.005,Mexico,2024
MAG,71.0,0 days 00:01:21.905000,81.905,Mexico,2024
PIA,1.0,0 days 00:02:13.443000,133.443,Mexico,2024
PIA,2.0,0 days 00:02:18.050000,138.05,Mexico,2024
PIA,3.0,0 days 00:02:16.567000,136.567,Mexico,2024
PIA,4.0,0 days 00:02:10.001000,130.001,Mexico,2024
PIA,5.0,0 days 00:02:10.449000,130.449,Mexico,2024
PIA,6.0,0 days 00:01:43.384000,103.384,Mexico,2024
PIA,7.0,0 days 00:01:23.677000,83.677,Mexico,2024
PIA,8.0,0 days 00:01:23.399000,83.399,Mexico,2024
PIA,9.0,0 days 00:01:22.797000,82.797,Mexico,2024
PIA,10.0,0 days 00:01:22.793000,82.793,Mexico,2024
PIA,11.0,0 days 00:01:23.793000,83.793,Mexico,2024
PIA,12.0,0 days 00:01:23.449000,83.449,Mexico,2024
PIA,13.0,0 days 00:01:23.074000,83.074,Mexico,2024
PIA,14.0,0 days 00:01:24.172000,84.172,Mexico,2024
PIA,15.0,0 days 00:01:24.244000,84.244,Mexico,2024
PIA,16.0,0 days 00:01:22.898000,82.898,Mexico,2024
PIA,17.0,0 days 00:01:22.946000,82.946,Mexico,2024
PIA,18.0,0 days 00:01:23.693000,83.693,Mexico,2024
PIA,19.0,0 days 00:01:23.648000,83.648,Mexico,2024
PIA,20.0,0 days 00:01:24.004000,84.004,Mexico,2024
PIA,21.0,0 days 00:01:23.880000,83.88,Mexico,2024
PIA,22.0,0 days 00:01:22.825000,82.825,Mexico,2024
PIA,23.0,0 days 00:01:22.680000,82.68,Mexico,2024
PIA,24.0,0 days 00:01:22.605000,82.605,Mexico,2024
PIA,25.0,0 days 00:01:22.231000,82.231,Mexico,2024
PIA,26.0,0 days 00:01:22.664000,82.664,Mexico,2024
PIA,27.0,0 days 00:01:22.905000,82.905,Mexico,2024
PIA,28.0,0 days 00:01:23.084000,83.084,Mexico,2024
PIA,29.0,0 days 00:01:22.782000,82.782,Mexico,2024
PIA,30.0,0 days 00:01:22.677000,82.677,Mexico,2024
PIA,31.0,0 days 00:01:22.797000,82.797,Mexico,2024
PIA,32.0,0 days 00:01:23.101000,83.101,Mexico,2024
PIA,33.0,0 days 00:01:23.935000,83.935,Mexico,2024
PIA,34.0,0 days 00:01:23.015000,83.015,Mexico,2024
PIA,35.0,0 days 00:01:23.364000,83.364,Mexico,2024
PIA,36.0,0 days 00:01:22.590000,82.59,Mexico,2024
PIA,37.0,0 days 00:01:22.667000,82.667,Mexico,2024
PIA,38.0,0 days 00:01:22.312000,82.312,Mexico,2024
PIA,39.0,0 days 00:01:25.068000,85.068,Mexico,2024
PIA,40.0,0 days 00:01:39.719000,99.719,Mexico,2024
PIA,41.0,0 days 00:01:20.371000,80.371,Mexico,2024
PIA,42.0,0 days 00:01:21.367000,81.367,Mexico,2024
PIA,43.0,0 days 00:01:22.545000,82.545,Mexico,2024
PIA,44.0,0 days 00:01:20.597000,80.597,Mexico,2024
PIA,45.0,0 days 00:01:21.068000,81.068,Mexico,2024
PIA,46.0,0 days 00:01:21.164000,81.164,Mexico,2024
PIA,47.0,0 days 00:01:23.905000,83.905,Mexico,2024
PIA,48.0,0 days 00:01:20.434000,80.434,Mexico,2024
PIA,49.0,0 days 00:01:20.799000,80.799,Mexico,2024
PIA,50.0,0 days 00:01:20.569000,80.569,Mexico,2024
PIA,51.0,0 days 00:01:20.433000,80.433,Mexico,2024
PIA,52.0,0 days 00:01:20.234000,80.234,Mexico,2024
PIA,53.0,0 days 00:01:20.270000,80.27,Mexico,2024
PIA,54.0,0 days 00:01:20.605000,80.605,Mexico,2024
PIA,55.0,0 days 00:01:21,81.0,Mexico,2024
PIA,56.0,0 days 00:01:20.206000,80.206,Mexico,2024
PIA,57.0,0 days 00:01:20.444000,80.444,Mexico,2024
PIA,58.0,0 days 00:01:20.268000,80.268,Mexico,2024
PIA,59.0,0 days 00:01:20.359000,80.359,Mexico,2024
PIA,60.0,0 days 00:01:20.385000,80.385,Mexico,2024
PIA,61.0,0 days 00:01:20.530000,80.53,Mexico,2024
PIA,62.0,0 days 00:01:20.472000,80.472,Mexico,2024
PIA,63.0,0 days 00:01:21.016000,81.016,Mexico,2024
PIA,64.0,0 days 00:01:20.162000,80.162,Mexico,2024
PIA,65.0,0 days 00:01:20.064000,80.064,Mexico,2024
PIA,66.0,0 days 00:01:20.264000,80.264,Mexico,2024
PIA,67.0,0 days 00:01:20.572000,80.572,Mexico,2024
PIA,68.0,0 days 00:01:20.271000,80.271,Mexico,2024
PIA,69.0,0 days 00:01:20.891000,80.891,Mexico,2024
PIA,70.0,0 days 00:01:20.550000,80.55,Mexico,2024
PIA,71.0,0 days 00:01:21.531000,81.531,Mexico,2024
HUL,1.0,0 days 00:01:58.596000,118.596,Mexico,2024
HUL,2.0,0 days 00:02:17.184000,137.184,Mexico,2024
HUL,3.0,0 days 00:02:14.785000,134.785,Mexico,2024
HUL,4.0,0 days 00:02:10.097000,130.097,Mexico,2024
HUL,5.0,0 days 00:02:09.620000,129.62,Mexico,2024
HUL,6.0,0 days 00:01:56.068000,116.068,Mexico,2024
HUL,7.0,0 days 00:01:23.086000,83.086,Mexico,2024
HUL,8.0,0 days 00:01:22.468000,82.468,Mexico,2024
HUL,9.0,0 days 00:01:22.413000,82.413,Mexico,2024
HUL,10.0,0 days 00:01:22.763000,82.763,Mexico,2024
HUL,11.0,0 days 00:01:22.933000,82.933,Mexico,2024
HUL,12.0,0 days 00:01:22.908000,82.908,Mexico,2024
HUL,13.0,0 days 00:01:22.941000,82.941,Mexico,2024
HUL,14.0,0 days 00:01:22.883000,82.883,Mexico,2024
HUL,15.0,0 days 00:01:23.243000,83.243,Mexico,2024
HUL,16.0,0 days 00:01:23.067000,83.067,Mexico,2024
HUL,17.0,0 days 00:01:23.452000,83.452,Mexico,2024
HUL,18.0,0 days 00:01:23.303000,83.303,Mexico,2024
HUL,19.0,0 days 00:01:23.545000,83.545,Mexico,2024
HUL,20.0,0 days 00:01:23.362000,83.362,Mexico,2024
HUL,21.0,0 days 00:01:23.357000,83.357,Mexico,2024
HUL,22.0,0 days 00:01:23.441000,83.441,Mexico,2024
HUL,23.0,0 days 00:01:23.276000,83.276,Mexico,2024
HUL,24.0,0 days 00:01:23.391000,83.391,Mexico,2024
HUL,25.0,0 days 00:01:23.498000,83.498,Mexico,2024
HUL,26.0,0 days 00:01:23.983000,83.983,Mexico,2024
HUL,27.0,0 days 00:01:23.719000,83.719,Mexico,2024
HUL,28.0,0 days 00:01:23.881000,83.881,Mexico,2024
HUL,29.0,0 days 00:01:26.750000,86.75,Mexico,2024
HUL,30.0,0 days 00:01:41.492000,101.492,Mexico,2024
HUL,31.0,0 days 00:01:23.431000,83.431,Mexico,2024
HUL,32.0,0 days 00:01:22.245000,82.245,Mexico,2024
HUL,33.0,0 days 00:01:21.912000,81.912,Mexico,2024
HUL,34.0,0 days 00:01:21.602000,81.602,Mexico,2024
HUL,35.0,0 days 00:01:22.173000,82.173,Mexico,2024
HUL,36.0,0 days 00:01:21.926000,81.926,Mexico,2024
HUL,37.0,0 days 00:01:21.935000,81.935,Mexico,2024
HUL,38.0,0 days 00:01:22.666000,82.666,Mexico,2024
HUL,39.0,0 days 00:01:22.224000,82.224,Mexico,2024
HUL,40.0,0 days 00:01:22.314000,82.314,Mexico,2024
HUL,41.0,0 days 00:01:22.086000,82.086,Mexico,2024
HUL,42.0,0 days 00:01:22.158000,82.158,Mexico,2024
HUL,43.0,0 days 00:01:21.302000,81.302,Mexico,2024
HUL,44.0,0 days 00:01:21.578000,81.578,Mexico,2024
HUL,45.0,0 days 00:01:21.731000,81.731,Mexico,2024
HUL,46.0,0 days 00:01:21.839000,81.839,Mexico,2024
HUL,47.0,0 days 00:01:21.542000,81.542,Mexico,2024
HUL,48.0,0 days 00:01:21.764000,81.764,Mexico,2024
HUL,49.0,0 days 00:01:21.668000,81.668,Mexico,2024
HUL,50.0,0 days 00:01:21.316000,81.316,Mexico,2024
HUL,51.0,0 days 00:01:21.364000,81.364,Mexico,2024
HUL,52.0,0 days 00:01:21.548000,81.548,Mexico,2024
HUL,53.0,0 days 00:01:21.677000,81.677,Mexico,2024
HUL,54.0,0 days 00:01:21.225000,81.225,Mexico,2024
HUL,55.0,0 days 00:01:21.361000,81.361,Mexico,2024
HUL,56.0,0 days 00:01:22.590000,82.59,Mexico,2024
HUL,57.0,0 days 00:01:21.251000,81.251,Mexico,2024
HUL,58.0,0 days 00:01:21.537000,81.537,Mexico,2024
HUL,59.0,0 days 00:01:21.708000,81.708,Mexico,2024
HUL,60.0,0 days 00:01:21.419000,81.419,Mexico,2024
HUL,61.0,0 days 00:01:21.378000,81.378,Mexico,2024
HUL,62.0,0 days 00:01:21.360000,81.36,Mexico,2024
HUL,63.0,0 days 00:01:21.353000,81.353,Mexico,2024
HUL,64.0,0 days 00:01:21.524000,81.524,Mexico,2024
HUL,65.0,0 days 00:01:21.347000,81.347,Mexico,2024
HUL,66.0,0 days 00:01:21.517000,81.517,Mexico,2024
HUL,67.0,0 days 00:01:21.759000,81.759,Mexico,2024
HUL,68.0,0 days 00:01:21.063000,81.063,Mexico,2024
HUL,69.0,0 days 00:01:20.748000,80.748,Mexico,2024
HUL,70.0,0 days 00:01:25.874000,85.874,Mexico,2024
GAS,1.0,0 days 00:02:00.117000,120.117,Mexico,2024
GAS,2.0,0 days 00:02:16.958000,136.958,Mexico,2024
GAS,3.0,0 days 00:02:14.313000,134.313,Mexico,2024
GAS,4.0,0 days 00:02:10.874000,130.874,Mexico,2024
GAS,5.0,0 days 00:02:09.610000,129.61,Mexico,2024
GAS,6.0,0 days 00:01:55.050000,115.05,Mexico,2024
GAS,7.0,0 days 00:01:23.200000,83.2,Mexico,2024
GAS,8.0,0 days 00:01:22.712000,82.712,Mexico,2024
GAS,9.0,0 days 00:01:22.301000,82.301,Mexico,2024
GAS,10.0,0 days 00:01:22.781000,82.781,Mexico,2024
GAS,11.0,0 days 00:01:22.990000,82.99,Mexico,2024
GAS,12.0,0 days 00:01:22.900000,82.9,Mexico,2024
GAS,13.0,0 days 00:01:22.908000,82.908,Mexico,2024
GAS,14.0,0 days 00:01:22.988000,82.988,Mexico,2024
GAS,15.0,0 days 00:01:23.165000,83.165,Mexico,2024
GAS,16.0,0 days 00:01:23.254000,83.254,Mexico,2024
GAS,17.0,0 days 00:01:23.519000,83.519,Mexico,2024
GAS,18.0,0 days 00:01:23.538000,83.538,Mexico,2024
GAS,19.0,0 days 00:01:23.939000,83.939,Mexico,2024
GAS,20.0,0 days 00:01:23.637000,83.637,Mexico,2024
GAS,21.0,0 days 00:01:23.778000,83.778,Mexico,2024
GAS,22.0,0 days 00:01:23.512000,83.512,Mexico,2024
GAS,23.0,0 days 00:01:23.303000,83.303,Mexico,2024
GAS,24.0,0 days 00:01:23.681000,83.681,Mexico,2024
GAS,25.0,0 days 00:01:23.758000,83.758,Mexico,2024
GAS,26.0,0 days 00:01:23.969000,83.969,Mexico,2024
GAS,27.0,0 days 00:01:24.108000,84.108,Mexico,2024
GAS,28.0,0 days 00:01:27.318000,87.318,Mexico,2024
GAS,29.0,0 days 00:01:42.276000,102.276,Mexico,2024
GAS,30.0,0 days 00:01:22.583000,82.583,Mexico,2024
GAS,31.0,0 days 00:01:22.391000,82.391,Mexico,2024
GAS,32.0,0 days 00:01:23.185000,83.185,Mexico,2024
GAS,33.0,0 days 00:01:22.029000,82.029,Mexico,2024
GAS,34.0,0 days 00:01:22.201000,82.201,Mexico,2024
GAS,35.0,0 days 00:01:22.423000,82.423,Mexico,2024
GAS,36.0,0 days 00:01:22.345000,82.345,Mexico,2024
GAS,37.0,0 days 00:01:22.697000,82.697,Mexico,2024
GAS,38.0,0 days 00:01:22.278000,82.278,Mexico,2024
GAS,39.0,0 days 00:01:22.471000,82.471,Mexico,2024
GAS,40.0,0 days 00:01:22.267000,82.267,Mexico,2024
GAS,41.0,0 days 00:01:22.380000,82.38,Mexico,2024
GAS,42.0,0 days 00:01:23.016000,83.016,Mexico,2024
GAS,43.0,0 days 00:01:22.362000,82.362,Mexico,2024
GAS,44.0,0 days 00:01:23.267000,83.267,Mexico,2024
GAS,45.0,0 days 00:01:22.228000,82.228,Mexico,2024
GAS,46.0,0 days 00:01:22.260000,82.26,Mexico,2024
GAS,47.0,0 days 00:01:22.350000,82.35,Mexico,2024
GAS,48.0,0 days 00:01:21.965000,81.965,Mexico,2024
GAS,49.0,0 days 00:01:21.872000,81.872,Mexico,2024
GAS,50.0,0 days 00:01:21.713000,81.713,Mexico,2024
GAS,51.0,0 days 00:01:21.539000,81.539,Mexico,2024
GAS,52.0,0 days 00:01:21.718000,81.718,Mexico,2024
GAS,53.0,0 days 00:01:21.774000,81.774,Mexico,2024
GAS,54.0,0 days 00:01:21.723000,81.723,Mexico,2024
GAS,55.0,0 days 00:01:21.633000,81.633,Mexico,2024
GAS,56.0,0 days 00:01:21.565000,81.565,Mexico,2024
GAS,57.0,0 days 00:01:21.420000,81.42,Mexico,2024
GAS,58.0,0 days 00:01:23.641000,83.641,Mexico,2024
GAS,59.0,0 days 00:01:21.524000,81.524,Mexico,2024
GAS,60.0,0 days 00:01:21.457000,81.457,Mexico,2024
GAS,61.0,0 days 00:01:21.393000,81.393,Mexico,2024
GAS,62.0,0 days 00:01:21.537000,81.537,Mexico,2024
GAS,63.0,0 days 00:01:21.702000,81.702,Mexico,2024
GAS,64.0,0 days 00:01:23.422000,83.422,Mexico,2024
GAS,65.0,0 days 00:01:21.457000,81.457,Mexico,2024
GAS,66.0,0 days 00:01:23.543000,83.543,Mexico,2024
GAS,67.0,0 days 00:01:21.274000,81.274,Mexico,2024
GAS,68.0,0 days 00:01:21.983000,81.983,Mexico,2024
GAS,69.0,0 days 00:01:21.769000,81.769,Mexico,2024
GAS,70.0,0 days 00:01:21.573000,81.573,Mexico,2024
STR,1.0,0 days 00:02:03.885000,123.885,Mexico,2024
STR,2.0,0 days 00:02:17.060000,137.06,Mexico,2024
STR,3.0,0 days 00:02:15.154000,135.154,Mexico,2024
STR,4.0,0 days 00:02:10.994000,130.994,Mexico,2024
STR,5.0,0 days 00:02:09.653000,129.653,Mexico,2024
STR,6.0,0 days 00:01:51.450000,111.45,Mexico,2024
STR,7.0,0 days 00:01:23.306000,83.306,Mexico,2024
STR,8.0,0 days 00:01:22.941000,82.941,Mexico,2024
STR,9.0,0 days 00:01:23.285000,83.285,Mexico,2024
STR,10.0,0 days 00:01:23.289000,83.289,Mexico,2024
STR,11.0,0 days 00:01:23.229000,83.229,Mexico,2024
STR,12.0,0 days 00:01:24.208000,84.208,Mexico,2024
STR,13.0,0 days 00:01:23.045000,83.045,Mexico,2024
STR,14.0,0 days 00:01:23.191000,83.191,Mexico,2024
STR,15.0,0 days 00:01:23.127000,83.127,Mexico,2024
STR,16.0,0 days 00:01:23.515000,83.515,Mexico,2024
STR,17.0,0 days 00:01:23.412000,83.412,Mexico,2024
STR,18.0,0 days 00:01:24.573000,84.573,Mexico,2024
STR,19.0,0 days 00:01:25.434000,85.434,Mexico,2024
STR,20.0,0 days 00:01:24.055000,84.055,Mexico,2024
STR,21.0,0 days 00:01:23.513000,83.513,Mexico,2024
STR,22.0,0 days 00:01:23.604000,83.604,Mexico,2024
STR,23.0,0 days 00:01:23.194000,83.194,Mexico,2024
STR,24.0,0 days 00:01:24.731000,84.731,Mexico,2024
STR,25.0,0 days 00:01:24.011000,84.011,Mexico,2024
STR,26.0,0 days 00:01:27.333000,87.333,Mexico,2024
STR,27.0,0 days 00:01:41.589000,101.589,Mexico,2024
STR,28.0,0 days 00:01:22.602000,82.602,Mexico,2024
STR,29.0,0 days 00:01:22.867000,82.867,Mexico,2024
STR,30.0,0 days 00:01:22.837000,82.837,Mexico,2024
STR,31.0,0 days 00:01:22.662000,82.662,Mexico,2024
STR,32.0,0 days 00:01:22.850000,82.85,Mexico,2024
STR,33.0,0 days 00:01:23.183000,83.183,Mexico,2024
STR,34.0,0 days 00:01:23.037000,83.037,Mexico,2024
STR,35.0,0 days 00:01:22.987000,82.987,Mexico,2024
STR,36.0,0 days 00:01:23.364000,83.364,Mexico,2024
STR,37.0,0 days 00:01:23.028000,83.028,Mexico,2024
STR,38.0,0 days 00:01:22.840000,82.84,Mexico,2024
STR,39.0,0 days 00:01:22.868000,82.868,Mexico,2024
STR,40.0,0 days 00:01:22.299000,82.299,Mexico,2024
STR,41.0,0 days 00:01:22.608000,82.608,Mexico,2024
STR,42.0,0 days 00:01:21.675000,81.675,Mexico,2024
STR,43.0,0 days 00:01:22.240000,82.24,Mexico,2024
STR,44.0,0 days 00:01:21.857000,81.857,Mexico,2024
STR,45.0,0 days 00:01:22.060000,82.06,Mexico,2024
STR,46.0,0 days 00:01:22.028000,82.028,Mexico,2024
STR,47.0,0 days 00:01:22.725000,82.725,Mexico,2024
STR,48.0,0 days 00:01:21.570000,81.57,Mexico,2024
STR,49.0,0 days 00:01:21.896000,81.896,Mexico,2024
STR,50.0,0 days 00:01:21.586000,81.586,Mexico,2024
STR,51.0,0 days 00:01:21.542000,81.542,Mexico,2024
STR,52.0,0 days 00:01:23.018000,83.018,Mexico,2024
STR,53.0,0 days 00:01:21.568000,81.568,Mexico,2024
STR,54.0,0 days 00:01:21.684000,81.684,Mexico,2024
STR,55.0,0 days 00:01:21.311000,81.311,Mexico,2024
STR,56.0,0 days 00:01:21.462000,81.462,Mexico,2024
STR,57.0,0 days 00:01:23.540000,83.54,Mexico,2024
STR,58.0,0 days 00:01:22.708000,82.708,Mexico,2024
STR,59.0,0 days 00:01:21.381000,81.381,Mexico,2024
STR,60.0,0 days 00:01:21.585000,81.585,Mexico,2024
STR,61.0,0 days 00:01:21.577000,81.577,Mexico,2024
STR,62.0,0 days 00:01:21.851000,81.851,Mexico,2024
STR,63.0,0 days 00:01:21.633000,81.633,Mexico,2024
STR,64.0,0 days 00:01:21.753000,81.753,Mexico,2024
STR,65.0,0 days 00:01:21.615000,81.615,Mexico,2024
STR,66.0,0 days 00:01:21.917000,81.917,Mexico,2024
STR,67.0,0 days 00:01:21.834000,81.834,Mexico,2024
STR,68.0,0 days 00:01:21.468000,81.468,Mexico,2024
STR,69.0,0 days 00:01:21.406000,81.406,Mexico,2024
STR,70.0,0 days 00:01:21.569000,81.569,Mexico,2024
COL,1.0,0 days 00:02:08.478000,128.478,Mexico,2024
COL,2.0,0 days 00:02:17.692000,137.692,Mexico,2024
COL,3.0,0 days 00:02:16.364000,136.364,Mexico,2024
COL,4.0,0 days 00:02:09.527000,129.527,Mexico,2024
COL,5.0,0 days 00:02:08.334000,128.334,Mexico,2024
COL,6.0,0 days 00:01:49.707000,109.707,Mexico,2024
COL,7.0,0 days 00:01:23.364000,83.364,Mexico,2024
COL,8.0,0 days 00:01:23.241000,83.241,Mexico,2024
COL,9.0,0 days 00:01:23.032000,83.032,Mexico,2024
COL,10.0,0 days 00:01:23.252000,83.252,Mexico,2024
COL,11.0,0 days 00:01:23.535000,83.535,Mexico,2024
COL,12.0,0 days 00:01:23.480000,83.48,Mexico,2024
COL,13.0,0 days 00:01:24.130000,84.13,Mexico,2024
COL,14.0,0 days 00:01:24.305000,84.305,Mexico,2024
COL,15.0,0 days 00:01:24.270000,84.27,Mexico,2024
COL,16.0,0 days 00:01:22.617000,82.617,Mexico,2024
COL,17.0,0 days 00:01:22.970000,82.97,Mexico,2024
COL,18.0,0 days 00:01:23.787000,83.787,Mexico,2024
COL,19.0,0 days 00:01:23.680000,83.68,Mexico,2024
COL,20.0,0 days 00:01:24.630000,84.63,Mexico,2024
COL,21.0,0 days 00:01:24.918000,84.918,Mexico,2024
COL,22.0,0 days 00:01:23.203000,83.203,Mexico,2024
COL,23.0,0 days 00:01:22.984000,82.984,Mexico,2024
COL,24.0,0 days 00:01:23.428000,83.428,Mexico,2024
COL,25.0,0 days 00:01:23.769000,83.769,Mexico,2024
COL,26.0,0 days 00:01:23.883000,83.883,Mexico,2024
COL,27.0,0 days 00:01:22.758000,82.758,Mexico,2024
COL,28.0,0 days 00:01:23.125000,83.125,Mexico,2024
COL,29.0,0 days 00:01:22.999000,82.999,Mexico,2024
COL,30.0,0 days 00:01:22.785000,82.785,Mexico,2024
COL,31.0,0 days 00:01:23.090000,83.09,Mexico,2024
COL,32.0,0 days 00:01:22.653000,82.653,Mexico,2024
COL,33.0,0 days 00:01:22.976000,82.976,Mexico,2024
COL,34.0,0 days 00:01:23.101000,83.101,Mexico,2024
COL,35.0,0 days 00:01:23.134000,83.134,Mexico,2024
COL,36.0,0 days 00:01:23.776000,83.776,Mexico,2024
COL,37.0,0 days 00:01:23.098000,83.098,Mexico,2024
COL,38.0,0 days 00:01:23.199000,83.199,Mexico,2024
COL,39.0,0 days 00:01:23.132000,83.132,Mexico,2024
COL,40.0,0 days 00:01:23.586000,83.586,Mexico,2024
COL,41.0,0 days 00:01:22.855000,82.855,Mexico,2024
COL,42.0,0 days 00:01:22.779000,82.779,Mexico,2024
COL,43.0,0 days 00:01:23.659000,83.659,Mexico,2024
COL,44.0,0 days 00:01:22.551000,82.551,Mexico,2024
COL,45.0,0 days 00:01:22.832000,82.832,Mexico,2024
COL,46.0,0 days 00:01:22.625000,82.625,Mexico,2024
COL,47.0,0 days 00:01:27.309000,87.309,Mexico,2024
COL,48.0,0 days 00:01:42.560000,102.56,Mexico,2024
COL,49.0,0 days 00:01:20.348000,80.348,Mexico,2024
COL,50.0,0 days 00:01:20.090000,80.09,Mexico,2024
COL,51.0,0 days 00:01:20.556000,80.556,Mexico,2024
COL,52.0,0 days 00:01:20.887000,80.887,Mexico,2024
COL,53.0,0 days 00:01:20.926000,80.926,Mexico,2024
COL,54.0,0 days 00:01:20.795000,80.795,Mexico,2024
COL,55.0,0 days 00:01:21.309000,81.309,Mexico,2024
COL,56.0,0 days 00:01:22.398000,82.398,Mexico,2024
COL,57.0,0 days 00:01:21.433000,81.433,Mexico,2024
COL,58.0,0 days 00:01:21.551000,81.551,Mexico,2024
COL,59.0,0 days 00:01:21.879000,81.879,Mexico,2024
COL,60.0,0 days 00:01:21.579000,81.579,Mexico,2024
COL,61.0,0 days 00:01:21.016000,81.016,Mexico,2024
COL,62.0,0 days 00:01:21.766000,81.766,Mexico,2024
COL,63.0,0 days 00:01:21.485000,81.485,Mexico,2024
COL,64.0,0 days 00:01:21.625000,81.625,Mexico,2024
COL,65.0,0 days 00:01:23.314000,83.314,Mexico,2024
COL,66.0,0 days 00:01:21.847000,81.847,Mexico,2024
COL,67.0,0 days 00:01:21.481000,81.481,Mexico,2024
COL,68.0,0 days 00:01:21.264000,81.264,Mexico,2024
COL,69.0,0 days 00:01:21.348000,81.348,Mexico,2024
COL,70.0,0 days 00:01:21.238000,81.238,Mexico,2024
OCO,1.0,0 days 00:02:14.747000,134.747,Mexico,2024
OCO,2.0,0 days 00:02:19.003000,139.003,Mexico,2024
OCO,3.0,0 days 00:02:15.147000,135.147,Mexico,2024
OCO,4.0,0 days 00:02:12.065000,132.065,Mexico,2024
OCO,5.0,0 days 00:02:11.120000,131.12,Mexico,2024
OCO,6.0,0 days 00:01:40.421000,100.421,Mexico,2024
OCO,7.0,0 days 00:01:23.742000,83.742,Mexico,2024
OCO,8.0,0 days 00:01:23.548000,83.548,Mexico,2024
OCO,9.0,0 days 00:01:22.995000,82.995,Mexico,2024
OCO,10.0,0 days 00:01:23.450000,83.45,Mexico,2024
OCO,11.0,0 days 00:01:23.512000,83.512,Mexico,2024
OCO,12.0,0 days 00:01:23.635000,83.635,Mexico,2024
OCO,13.0,0 days 00:01:23.585000,83.585,Mexico,2024
OCO,14.0,0 days 00:01:23.956000,83.956,Mexico,2024
OCO,15.0,0 days 00:01:26.989000,86.989,Mexico,2024
OCO,16.0,0 days 00:01:23.708000,83.708,Mexico,2024
OCO,17.0,0 days 00:01:23.107000,83.107,Mexico,2024
OCO,18.0,0 days 00:01:23.497000,83.497,Mexico,2024
OCO,19.0,0 days 00:01:23.524000,83.524,Mexico,2024
OCO,20.0,0 days 00:01:23.683000,83.683,Mexico,2024
OCO,21.0,0 days 00:01:23.522000,83.522,Mexico,2024
OCO,22.0,0 days 00:01:23.517000,83.517,Mexico,2024
OCO,23.0,0 days 00:01:23.812000,83.812,Mexico,2024
OCO,24.0,0 days 00:01:23.406000,83.406,Mexico,2024
OCO,25.0,0 days 00:01:23.790000,83.79,Mexico,2024
OCO,26.0,0 days 00:01:23.939000,83.939,Mexico,2024
OCO,27.0,0 days 00:01:23.803000,83.803,Mexico,2024
OCO,28.0,0 days 00:01:23.115000,83.115,Mexico,2024
OCO,29.0,0 days 00:01:23.568000,83.568,Mexico,2024
OCO,30.0,0 days 00:01:23.975000,83.975,Mexico,2024
OCO,31.0,0 days 00:01:23.171000,83.171,Mexico,2024
OCO,32.0,0 days 00:01:23.263000,83.263,Mexico,2024
OCO,33.0,0 days 00:01:24.330000,84.33,Mexico,2024
OCO,34.0,0 days 00:01:23.486000,83.486,Mexico,2024
OCO,35.0,0 days 00:01:23.209000,83.209,Mexico,2024
OCO,36.0,0 days 00:01:23.225000,83.225,Mexico,2024
OCO,37.0,0 days 00:01:25.002000,85.002,Mexico,2024
OCO,38.0,0 days 00:01:23.036000,83.036,Mexico,2024
OCO,39.0,0 days 00:01:23.083000,83.083,Mexico,2024
OCO,40.0,0 days 00:01:23.257000,83.257,Mexico,2024
OCO,41.0,0 days 00:01:23.592000,83.592,Mexico,2024
OCO,42.0,0 days 00:01:22.938000,82.938,Mexico,2024
OCO,43.0,0 days 00:01:23.034000,83.034,Mexico,2024
OCO,44.0,0 days 00:01:23.002000,83.002,Mexico,2024
OCO,45.0,0 days 00:01:23.233000,83.233,Mexico,2024
OCO,46.0,0 days 00:01:23.038000,83.038,Mexico,2024
OCO,47.0,0 days 00:01:23.089000,83.089,Mexico,2024
OCO,48.0,0 days 00:01:28.340000,88.34,Mexico,2024
OCO,49.0,0 days 00:01:40.883000,100.883,Mexico,2024
OCO,50.0,0 days 00:01:21.118000,81.118,Mexico,2024
OCO,51.0,0 days 00:01:21.207000,81.207,Mexico,2024
OCO,52.0,0 days 00:01:21.432000,81.432,Mexico,2024
OCO,53.0,0 days 00:01:21.322000,81.322,Mexico,2024
OCO,54.0,0 days 00:01:21.159000,81.159,Mexico,2024
OCO,55.0,0 days 00:01:21.257000,81.257,Mexico,2024
OCO,56.0,0 days 00:01:21.278000,81.278,Mexico,2024
OCO,57.0,0 days 00:01:21.491000,81.491,Mexico,2024
OCO,58.0,0 days 00:01:21.494000,81.494,Mexico,2024
OCO,59.0,0 days 00:01:21.188000,81.188,Mexico,2024
OCO,60.0,0 days 00:01:21.122000,81.122,Mexico,2024
OCO,61.0,0 days 00:01:21.172000,81.172,Mexico,2024
OCO,62.0,0 days 00:01:21.356000,81.356,Mexico,2024
OCO,63.0,0 days 00:01:21.429000,81.429,Mexico,2024
OCO,64.0,0 days 00:01:21.309000,81.309,Mexico,2024
OCO,65.0,0 days 00:01:21.504000,81.504,Mexico,2024
OCO,66.0,0 days 00:01:21.384000,81.384,Mexico,2024
OCO,67.0,0 days 00:01:21.223000,81.223,Mexico,2024
OCO,68.0,0 days 00:01:21.156000,81.156,Mexico,2024
OCO,69.0,0 days 00:01:22.111000,82.111,Mexico,2024
OCO,70.0,0 days 00:01:20.659000,80.659,Mexico,2024
BOT,1.0,0 days 00:02:10.545000,130.545,Mexico,2024
BOT,2.0,0 days 00:02:17.814000,137.814,Mexico,2024
BOT,3.0,0 days 00:02:16.263000,136.263,Mexico,2024
BOT,4.0,0 days 00:02:09.902000,129.902,Mexico,2024
BOT,5.0,0 days 00:02:10.636000,130.636,Mexico,2024
BOT,6.0,0 days 00:01:45.588000,105.588,Mexico,2024
BOT,7.0,0 days 00:01:23.635000,83.635,Mexico,2024
BOT,8.0,0 days 00:01:23.131000,83.131,Mexico,2024
BOT,9.0,0 days 00:01:22.964000,82.964,Mexico,2024
BOT,10.0,0 days 00:01:23.483000,83.483,Mexico,2024
BOT,11.0,0 days 00:01:23.677000,83.677,Mexico,2024
BOT,12.0,0 days 00:01:23.607000,83.607,Mexico,2024
BOT,13.0,0 days 00:01:24.325000,84.325,Mexico,2024
BOT,14.0,0 days 00:01:24.189000,84.189,Mexico,2024
BOT,15.0,0 days 00:01:24.215000,84.215,Mexico,2024
BOT,16.0,0 days 00:01:23.781000,83.781,Mexico,2024
BOT,17.0,0 days 00:01:23.705000,83.705,Mexico,2024
BOT,18.0,0 days 00:01:23.806000,83.806,Mexico,2024
BOT,19.0,0 days 00:01:23.720000,83.72,Mexico,2024
BOT,20.0,0 days 00:01:23.453000,83.453,Mexico,2024
BOT,21.0,0 days 00:01:23.904000,83.904,Mexico,2024
BOT,22.0,0 days 00:01:23.593000,83.593,Mexico,2024
BOT,23.0,0 days 00:01:23.421000,83.421,Mexico,2024
BOT,24.0,0 days 00:01:23.241000,83.241,Mexico,2024
BOT,25.0,0 days 00:01:23.584000,83.584,Mexico,2024
BOT,26.0,0 days 00:01:23.859000,83.859,Mexico,2024
BOT,27.0,0 days 00:01:23.553000,83.553,Mexico,2024
BOT,28.0,0 days 00:01:23.450000,83.45,Mexico,2024
BOT,29.0,0 days 00:01:23.766000,83.766,Mexico,2024
BOT,30.0,0 days 00:01:23.425000,83.425,Mexico,2024
BOT,31.0,0 days 00:01:22.994000,82.994,Mexico,2024
BOT,32.0,0 days 00:01:23.774000,83.774,Mexico,2024
BOT,33.0,0 days 00:01:23.093000,83.093,Mexico,2024
BOT,34.0,0 days 00:01:23.262000,83.262,Mexico,2024
BOT,35.0,0 days 00:01:23.191000,83.191,Mexico,2024
BOT,36.0,0 days 00:01:23.597000,83.597,Mexico,2024
BOT,37.0,0 days 00:01:23.970000,83.97,Mexico,2024
BOT,38.0,0 days 00:01:23.275000,83.275,Mexico,2024
BOT,39.0,0 days 00:01:23.188000,83.188,Mexico,2024
BOT,40.0,0 days 00:01:23.072000,83.072,Mexico,2024
BOT,41.0,0 days 00:01:23.145000,83.145,Mexico,2024
BOT,42.0,0 days 00:01:23.341000,83.341,Mexico,2024
BOT,43.0,0 days 00:01:25.121000,85.121,Mexico,2024
BOT,44.0,0 days 00:01:23.206000,83.206,Mexico,2024
BOT,45.0,0 days 00:01:23.072000,83.072,Mexico,2024
BOT,46.0,0 days 00:01:23.039000,83.039,Mexico,2024
BOT,47.0,0 days 00:01:23.008000,83.008,Mexico,2024
BOT,48.0,0 days 00:01:22.879000,82.879,Mexico,2024
BOT,49.0,0 days 00:01:25.822000,85.822,Mexico,2024
BOT,50.0,0 days 00:01:41.938000,101.938,Mexico,2024
BOT,51.0,0 days 00:01:21.855000,81.855,Mexico,2024
BOT,52.0,0 days 00:01:21.442000,81.442,Mexico,2024
BOT,53.0,0 days 00:01:21.250000,81.25,Mexico,2024
BOT,54.0,0 days 00:01:21.239000,81.239,Mexico,2024
BOT,55.0,0 days 00:01:21.165000,81.165,Mexico,2024
BOT,56.0,0 days 00:01:21.275000,81.275,Mexico,2024
BOT,57.0,0 days 00:01:21.085000,81.085,Mexico,2024
BOT,58.0,0 days 00:01:21.142000,81.142,Mexico,2024
BOT,59.0,0 days 00:01:21.089000,81.089,Mexico,2024
BOT,60.0,0 days 00:01:21.261000,81.261,Mexico,2024
BOT,61.0,0 days 00:01:21.393000,81.393,Mexico,2024
BOT,62.0,0 days 00:01:21.383000,81.383,Mexico,2024
BOT,63.0,0 days 00:01:21.629000,81.629,Mexico,2024
BOT,64.0,0 days 00:01:21.714000,81.714,Mexico,2024
BOT,65.0,0 days 00:01:21.953000,81.953,Mexico,2024
BOT,66.0,0 days 00:01:21.714000,81.714,Mexico,2024
BOT,67.0,0 days 00:01:21.416000,81.416,Mexico,2024
BOT,68.0,0 days 00:01:21.464000,81.464,Mexico,2024
BOT,69.0,0 days 00:01:22.585000,82.585,Mexico,2024
BOT,70.0,0 days 00:01:23.751000,83.751,Mexico,2024
ZHO,1.0,0 days 00:02:12.333000,132.333,Mexico,2024
ZHO,2.0,0 days 00:02:17.617000,137.617,Mexico,2024
ZHO,3.0,0 days 00:02:16.548000,136.548,Mexico,2024
ZHO,4.0,0 days 00:02:10.130000,130.13,Mexico,2024
ZHO,5.0,0 days 00:02:10.469000,130.469,Mexico,2024
ZHO,6.0,0 days 00:01:44.212000,104.212,Mexico,2024
ZHO,7.0,0 days 00:01:23.668000,83.668,Mexico,2024
ZHO,8.0,0 days 00:01:23.380000,83.38,Mexico,2024
ZHO,9.0,0 days 00:01:22.904000,82.904,Mexico,2024
ZHO,10.0,0 days 00:01:24.166000,84.166,Mexico,2024
ZHO,11.0,0 days 00:01:23.608000,83.608,Mexico,2024
ZHO,12.0,0 days 00:01:23.489000,83.489,Mexico,2024
ZHO,13.0,0 days 00:01:23.757000,83.757,Mexico,2024
ZHO,14.0,0 days 00:01:23.979000,83.979,Mexico,2024
ZHO,15.0,0 days 00:01:25.364000,85.364,Mexico,2024
ZHO,16.0,0 days 00:01:24.126000,84.126,Mexico,2024
ZHO,17.0,0 days 00:01:23.570000,83.57,Mexico,2024
ZHO,18.0,0 days 00:01:23.676000,83.676,Mexico,2024
ZHO,19.0,0 days 00:01:23.694000,83.694,Mexico,2024
ZHO,20.0,0 days 00:01:23.540000,83.54,Mexico,2024
ZHO,21.0,0 days 00:01:23.774000,83.774,Mexico,2024
ZHO,22.0,0 days 00:01:23.700000,83.7,Mexico,2024
ZHO,23.0,0 days 00:01:23.709000,83.709,Mexico,2024
ZHO,24.0,0 days 00:01:23.371000,83.371,Mexico,2024
ZHO,25.0,0 days 00:01:23.783000,83.783,Mexico,2024
ZHO,26.0,0 days 00:01:24.058000,84.058,Mexico,2024
ZHO,27.0,0 days 00:01:23.835000,83.835,Mexico,2024
ZHO,28.0,0 days 00:01:25.184000,85.184,Mexico,2024
ZHO,29.0,0 days 00:01:24.497000,84.497,Mexico,2024
ZHO,30.0,0 days 00:01:23.710000,83.71,Mexico,2024
ZHO,31.0,0 days 00:01:26.422000,86.422,Mexico,2024
ZHO,32.0,0 days 00:01:23.854000,83.854,Mexico,2024
ZHO,33.0,0 days 00:01:24.323000,84.323,Mexico,2024
ZHO,34.0,0 days 00:01:23.519000,83.519,Mexico,2024
ZHO,35.0,0 days 00:01:23.514000,83.514,Mexico,2024
ZHO,36.0,0 days 00:01:23.521000,83.521,Mexico,2024
ZHO,37.0,0 days 00:01:23.308000,83.308,Mexico,2024
ZHO,38.0,0 days 00:01:23.240000,83.24,Mexico,2024
ZHO,39.0,0 days 00:01:23.444000,83.444,Mexico,2024
ZHO,40.0,0 days 00:01:23.485000,83.485,Mexico,2024
ZHO,41.0,0 days 00:01:23.646000,83.646,Mexico,2024
ZHO,42.0,0 days 00:01:24.414000,84.414,Mexico,2024
ZHO,43.0,0 days 00:01:27.429000,87.429,Mexico,2024
ZHO,44.0,0 days 00:01:42.961000,102.961,Mexico,2024
ZHO,45.0,0 days 00:01:22.364000,82.364,Mexico,2024
ZHO,46.0,0 days 00:01:23.064000,83.064,Mexico,2024
ZHO,47.0,0 days 00:01:21.980000,81.98,Mexico,2024
ZHO,48.0,0 days 00:01:21.834000,81.834,Mexico,2024
ZHO,49.0,0 days 00:01:21.689000,81.689,Mexico,2024
ZHO,50.0,0 days 00:01:21.776000,81.776,Mexico,2024
ZHO,51.0,0 days 00:01:21.772000,81.772,Mexico,2024
ZHO,52.0,0 days 00:01:21.780000,81.78,Mexico,2024
ZHO,53.0,0 days 00:01:21.786000,81.786,Mexico,2024
ZHO,54.0,0 days 00:01:21.713000,81.713,Mexico,2024
ZHO,55.0,0 days 00:01:21.586000,81.586,Mexico,2024
ZHO,56.0,0 days 00:01:21.553000,81.553,Mexico,2024
ZHO,57.0,0 days 00:01:21.864000,81.864,Mexico,2024
ZHO,58.0,0 days 00:01:24.671000,84.671,Mexico,2024
ZHO,59.0,0 days 00:01:22.216000,82.216,Mexico,2024
ZHO,60.0,0 days 00:01:22.413000,82.413,Mexico,2024
ZHO,61.0,0 days 00:01:22.442000,82.442,Mexico,2024
ZHO,62.0,0 days 00:01:22.319000,82.319,Mexico,2024
ZHO,63.0,0 days 00:01:21.820000,81.82,Mexico,2024
ZHO,64.0,0 days 00:01:21.962000,81.962,Mexico,2024
ZHO,65.0,0 days 00:01:21.935000,81.935,Mexico,2024
ZHO,66.0,0 days 00:01:21.835000,81.835,Mexico,2024
ZHO,67.0,0 days 00:01:22.056000,82.056,Mexico,2024
ZHO,68.0,0 days 00:01:21.826000,81.826,Mexico,2024
ZHO,69.0,0 days 00:01:23.604000,83.604,Mexico,2024
ZHO,70.0,0 days 00:01:22.731000,82.731,Mexico,2024
LAW,1.0,0 days 00:02:00.936000,120.936,Mexico,2024
LAW,2.0,0 days 00:02:18.369000,138.369,Mexico,2024
LAW,3.0,0 days 00:02:14.537000,134.537,Mexico,2024
LAW,4.0,0 days 00:02:10.651000,130.651,Mexico,2024
LAW,5.0,0 days 00:02:09.621000,129.621,Mexico,2024
LAW,6.0,0 days 00:01:53.303000,113.303,Mexico,2024
LAW,7.0,0 days 00:01:23.455000,83.455,Mexico,2024
LAW,8.0,0 days 00:01:22.947000,82.947,Mexico,2024
LAW,9.0,0 days 00:01:23.203000,83.203,Mexico,2024
LAW,10.0,0 days 00:01:23.002000,83.002,Mexico,2024
LAW,11.0,0 days 00:01:22.909000,82.909,Mexico,2024
LAW,12.0,0 days 00:01:22.693000,82.693,Mexico,2024
LAW,13.0,0 days 00:01:22.815000,82.815,Mexico,2024
LAW,14.0,0 days 00:01:22.791000,82.791,Mexico,2024
LAW,15.0,0 days 00:01:23.131000,83.131,Mexico,2024
LAW,16.0,0 days 00:01:23.246000,83.246,Mexico,2024
LAW,17.0,0 days 00:01:23.300000,83.3,Mexico,2024
LAW,18.0,0 days 00:01:25.231000,85.231,Mexico,2024
LAW,19.0,0 days 00:01:23.517000,83.517,Mexico,2024
LAW,20.0,0 days 00:01:23.356000,83.356,Mexico,2024
LAW,21.0,0 days 00:01:23.374000,83.374,Mexico,2024
LAW,22.0,0 days 00:01:23.493000,83.493,Mexico,2024
LAW,23.0,0 days 00:01:23.423000,83.423,Mexico,2024
LAW,24.0,0 days 00:01:23.477000,83.477,Mexico,2024
LAW,25.0,0 days 00:01:23.493000,83.493,Mexico,2024
LAW,26.0,0 days 00:01:23.689000,83.689,Mexico,2024
LAW,27.0,0 days 00:01:23.812000,83.812,Mexico,2024
LAW,28.0,0 days 00:01:23.999000,83.999,Mexico,2024
LAW,29.0,0 days 00:01:22.879000,82.879,Mexico,2024
LAW,30.0,0 days 00:01:23.015000,83.015,Mexico,2024
LAW,31.0,0 days 00:01:23.088000,83.088,Mexico,2024
LAW,32.0,0 days 00:01:23.155000,83.155,Mexico,2024
LAW,33.0,0 days 00:01:24.101000,84.101,Mexico,2024
LAW,34.0,0 days 00:01:25.903000,85.903,Mexico,2024
LAW,35.0,0 days 00:01:23.219000,83.219,Mexico,2024
LAW,36.0,0 days 00:01:23.004000,83.004,Mexico,2024
LAW,37.0,0 days 00:01:23.154000,83.154,Mexico,2024
LAW,38.0,0 days 00:01:23.736000,83.736,Mexico,2024
LAW,39.0,0 days 00:01:26.308000,86.308,Mexico,2024
LAW,40.0,0 days 00:01:43.850000,103.85,Mexico,2024
LAW,41.0,0 days 00:01:21.503000,81.503,Mexico,2024
LAW,42.0,0 days 00:01:22.259000,82.259,Mexico,2024
LAW,43.0,0 days 00:01:21.362000,81.362,Mexico,2024
LAW,44.0,0 days 00:01:21.613000,81.613,Mexico,2024
LAW,45.0,0 days 00:01:21.787000,81.787,Mexico,2024
LAW,46.0,0 days 00:01:21.601000,81.601,Mexico,2024
LAW,47.0,0 days 00:01:22.781000,82.781,Mexico,2024
LAW,48.0,0 days 00:01:22.007000,82.007,Mexico,2024
LAW,49.0,0 days 00:01:21.695000,81.695,Mexico,2024
LAW,50.0,0 days 00:01:21.438000,81.438,Mexico,2024
LAW,51.0,0 days 00:01:23.180000,83.18,Mexico,2024
LAW,52.0,0 days 00:01:21.612000,81.612,Mexico,2024
LAW,53.0,0 days 00:01:21.847000,81.847,Mexico,2024
LAW,54.0,0 days 00:01:21.539000,81.539,Mexico,2024
LAW,55.0,0 days 00:01:23.394000,83.394,Mexico,2024
LAW,56.0,0 days 00:01:21.302000,81.302,Mexico,2024
LAW,57.0,0 days 00:01:22.777000,82.777,Mexico,2024
LAW,58.0,0 days 00:01:21.726000,81.726,Mexico,2024
LAW,59.0,0 days 00:01:21.495000,81.495,Mexico,2024
LAW,60.0,0 days 00:01:21.416000,81.416,Mexico,2024
LAW,61.0,0 days 00:01:21.429000,81.429,Mexico,2024
LAW,62.0,0 days 00:01:21.703000,81.703,Mexico,2024
LAW,63.0,0 days 00:01:21.773000,81.773,Mexico,2024
LAW,64.0,0 days 00:01:21.904000,81.904,Mexico,2024
LAW,65.0,0 days 00:01:31.102000,91.102,Mexico,2024
LAW,66.0,0 days 00:01:48.916000,108.916,Mexico,2024
LAW,67.0,0 days 00:01:19.502000,79.502,Mexico,2024
LAW,68.0,0 days 00:01:21.545000,81.545,Mexico,2024
LAW,69.0,0 days 00:01:21.857000,81.857,Mexico,2024
LAW,70.0,0 days 00:01:25.016000,85.016,Mexico,2024
PER,1.0,0 days 00:02:07.341000,127.341,Mexico,2024
PER,2.0,0 days 00:02:17.144000,137.144,Mexico,2024
PER,3.0,0 days 00:02:15.573000,135.573,Mexico,2024
PER,4.0,0 days 00:02:09.600000,129.6,Mexico,2024
PER,5.0,0 days 00:02:09.209000,129.209,Mexico,2024
PER,6.0,0 days 00:01:50.790000,110.79,Mexico,2024
PER,7.0,0 days 00:01:23.003000,83.003,Mexico,2024
PER,8.0,0 days 00:01:23.206000,83.206,Mexico,2024
PER,9.0,0 days 00:01:23.091000,83.091,Mexico,2024
PER,10.0,0 days 00:01:23.138000,83.138,Mexico,2024
PER,11.0,0 days 00:01:22.738000,82.738,Mexico,2024
PER,12.0,0 days 00:01:22.641000,82.641,Mexico,2024
PER,13.0,0 days 00:01:22.367000,82.367,Mexico,2024
PER,14.0,0 days 00:01:22.399000,82.399,Mexico,2024
PER,15.0,0 days 00:01:23.001000,83.001,Mexico,2024
PER,16.0,0 days 00:01:23.092000,83.092,Mexico,2024
PER,17.0,0 days 00:01:23.257000,83.257,Mexico,2024
PER,18.0,0 days 00:01:27.331000,87.331,Mexico,2024
PER,19.0,0 days 00:01:24.591000,84.591,Mexico,2024
PER,20.0,0 days 00:01:29.685000,89.685,Mexico,2024
PER,21.0,0 days 00:01:46.242000,106.242,Mexico,2024
PER,22.0,0 days 00:01:21.659000,81.659,Mexico,2024
PER,23.0,0 days 00:01:21.879000,81.879,Mexico,2024
PER,24.0,0 days 00:01:22.109000,82.109,Mexico,2024
PER,25.0,0 days 00:01:22.118000,82.118,Mexico,2024
PER,26.0,0 days 00:01:22.399000,82.399,Mexico,2024
PER,27.0,0 days 00:01:22.772000,82.772,Mexico,2024
PER,28.0,0 days 00:01:22.818000,82.818,Mexico,2024
PER,29.0,0 days 00:01:22.965000,82.965,Mexico,2024
PER,30.0,0 days 00:01:22.754000,82.754,Mexico,2024
PER,31.0,0 days 00:01:22.814000,82.814,Mexico,2024
PER,32.0,0 days 00:01:23.202000,83.202,Mexico,2024
PER,33.0,0 days 00:01:23.089000,83.089,Mexico,2024
PER,34.0,0 days 00:01:23.096000,83.096,Mexico,2024
PER,35.0,0 days 00:01:23.571000,83.571,Mexico,2024
PER,36.0,0 days 00:01:23.640000,83.64,Mexico,2024
PER,37.0,0 days 00:01:23.720000,83.72,Mexico,2024
PER,38.0,0 days 00:01:23.740000,83.74,Mexico,2024
PER,39.0,0 days 00:01:23.586000,83.586,Mexico,2024
PER,40.0,0 days 00:01:25.538000,85.538,Mexico,2024
PER,41.0,0 days 00:01:24.347000,84.347,Mexico,2024
PER,42.0,0 days 00:01:23.677000,83.677,Mexico,2024
PER,43.0,0 days 00:01:27.059000,87.059,Mexico,2024
PER,44.0,0 days 00:01:40.283000,100.283,Mexico,2024
PER,45.0,0 days 00:01:21.589000,81.589,Mexico,2024
PER,46.0,0 days 00:01:20.970000,80.97,Mexico,2024
PER,47.0,0 days 00:01:21.516000,81.516,Mexico,2024
PER,48.0,0 days 00:01:21.190000,81.19,Mexico,2024
PER,49.0,0 days 00:01:22.073000,82.073,Mexico,2024
PER,50.0,0 days 00:01:21.537000,81.537,Mexico,2024
PER,51.0,0 days 00:01:21.288000,81.288,Mexico,2024
PER,52.0,0 days 00:01:21.392000,81.392,Mexico,2024
PER,53.0,0 days 00:01:21.250000,81.25,Mexico,2024
PER,54.0,0 days 00:01:21.369000,81.369,Mexico,2024
PER,55.0,0 days 00:01:21.485000,81.485,Mexico,2024
PER,56.0,0 days 00:01:21.919000,81.919,Mexico,2024
PER,57.0,0 days 00:01:21.479000,81.479,Mexico,2024
PER,58.0,0 days 00:01:21.527000,81.527,Mexico,2024
PER,59.0,0 days 00:01:21.682000,81.682,Mexico,2024
PER,60.0,0 days 00:01:21.586000,81.586,Mexico,2024
PER,61.0,0 days 00:01:21.642000,81.642,Mexico,2024
PER,62.0,0 days 00:01:21.915000,81.915,Mexico,2024
PER,63.0,0 days 00:01:21.857000,81.857,Mexico,2024
PER,64.0,0 days 00:01:21.679000,81.679,Mexico,2024
PER,65.0,0 days 00:01:22.153000,82.153,Mexico,2024
PER,66.0,0 days 00:01:25.965000,85.965,Mexico,2024
PER,67.0,0 days 00:01:22.396000,82.396,Mexico,2024
PER,68.0,0 days 00:01:25.925000,85.925,Mexico,2024
PER,69.0,0 days 00:01:40.217000,100.217,Mexico,2024
PER,70.0,0 days 00:01:19.209000,79.209,Mexico,2024
ALO,1.0,0 days 00:02:05.776000,125.776,Mexico,2024
ALO,2.0,0 days 00:02:17.643000,137.643,Mexico,2024
ALO,3.0,0 days 00:02:15.984000,135.984,Mexico,2024
ALO,4.0,0 days 00:02:09.705000,129.705,Mexico,2024
ALO,5.0,0 days 00:02:09.130000,129.13,Mexico,2024
ALO,6.0,0 days 00:01:50.901000,110.901,Mexico,2024
ALO,7.0,0 days 00:01:22.722000,82.722,Mexico,2024
ALO,8.0,0 days 00:01:23.312000,83.312,Mexico,2024
ALO,9.0,0 days 00:01:23.132000,83.132,Mexico,2024
ALO,10.0,0 days 00:01:23.173000,83.173,Mexico,2024
ALO,11.0,0 days 00:01:24.127000,84.127,Mexico,2024
ALO,12.0,0 days 00:01:23.681000,83.681,Mexico,2024
ALO,13.0,0 days 00:01:24.166000,84.166,Mexico,2024
ALO,14.0,0 days 00:01:24.366000,84.366,Mexico,2024
ALO,15.0,0 days 00:01:28.421000,88.421,Mexico,2024
ALB,1.0,,,Mexico,2024
TSU,1.0,,,Mexico,2024
